{
    "type":"FeatureCollection",
    "generator":"JOSM",
    "bbox":[
    ],
    "features":[
        {
            "type":"Feature",
            "properties":{
                "ref":"20",
                "indoor":"room",
                "level":"1"
            },
            "geometry":{
                "type":"Polygon",
                "coordinates":[
                    [
                        [
                            77.71721492744,
                            12.99265508694
                        ],
                        [
                            77.71721189697,
                            12.99263659531
                        ],
                        [
                            77.71721120485,
                            12.99263243561
                        ],
                        [
                            77.71721489885,
                            12.99263185192
                        ],
                        [
                            77.71722274687,
                            12.99263061184
                        ],
                        [
                            77.71722149909,
                            12.99262493791
                        ],
                        [
                            77.71722628227,
                            12.99262422867
                        ],
                        [
                            77.71722721811,
                            12.99263020656
                        ],
                        [
                            77.71723820226,
                            12.99262850500
                        ],
                        [
                            77.71724175747,
                            12.99265145520
                        ],
                        [
                            77.71723377452,
                            12.99265253578
                        ],
                        [
                            77.71721492744,
                            12.99265508694
                        ]
                    ]
                ]
            }
        },
        {
            "type":"Feature",
            "properties":{
                "door":"yes",
                "level":"1",
                "ref":"35"
            },
            "geometry":{
                "type":"Point",
                "coordinates":[
                    77.71721307653,
                    12.99264449270
                ]
            }
        },
        {
            "type":"Feature",
            "properties":{
                "ref":"2",
                "level":"0",
                "amenity":"bicycle_parking",
                "indoor":"corridor",
                "entrance":"yes"
            },
            "geometry":{
                "type":"LineString",
                "coordinates":[
                ]
            }
        },
        {
            "type":"Feature",
            "properties":{
                "ref":"2",
                "level":"0",
                "amenity":"bicycle_parking",
                "indoor":"corridor",
                "entrance":"yes"
            },
            "geometry":{
                "type":"LineString",
                "coordinates":[
                ]
            }
        },
        {
            "type":"Feature",
            "properties":{
                "door":"yes",
                "level":"1",
                "ref":"30"
            },
            "geometry":{
                "type":"Point",
                "coordinates":[
                    77.71725290171,
                    12.99265016663
                ]
            }
        },
        {
            "type":"Feature",
            "properties":{
                "level":"0",
                "indoor":"room",
                "ref":"3"
            },
            "geometry":{
                "type":"Polygon",
                "coordinates":[
                    [
                        [
                            77.71722426220,
                            12.99265371263
                        ],
                        [
                            77.71721952332,
                            12.99262483670
                        ],
                        [
                            77.71724316517,
                            12.99262183270
                        ],
                        [
                            77.71724709545,
                            12.99265055579
                        ],
                        [
                            77.71722426220,
                            12.99265371263
                        ]
                    ]
                ]
            }
        },
        {
            "type":"Feature",
            "properties":{
                "amenity":"toilets",
                "ref":"6",
                "level":"0",
                "indoor":"room"
            },
            "geometry":{
                "type":"Polygon",
                "coordinates":[
                    [
                        [
                            77.71721952332,
                            12.99262483670
                        ],
                        [
                            77.71721681867,
                            12.99260882061
                        ],
                        [
                            77.71724091818,
                            12.99260541130
                        ],
                        [
                            77.71724316517,
                            12.99262183270
                        ],
                        [
                            77.71721952332,
                            12.99262483670
                        ]
                    ]
                ]
            }
        },
        {
            "type":"Feature",
            "properties":{
                "entrance":"yes",
                "door":"yes",
                "level":"0",
                "ref":"4"
            },
            "geometry":{
                "type":"LineString",
                "coordinates":[
                    [
                        77.71724822241,
                        12.99265746178
                    ],
                    [
                        77.71726340381,
                        12.99265543538
                    ]
                ]
            }
        },
        {
            "type":"Feature",
            "properties":{
                "door":"yes",
                "ref":"13",
                "level":"0"
            },
            "geometry":{
                "type":"Point",
                "coordinates":[
                    77.71719862301,
                    12.99261531250
                ]
            }
        },
        {
            "type":"Feature",
            "properties":{
                "amenity":"toilets",
                "level":"0",
                "indoor":"room",
                "ref":"12"
            },
            "geometry":{
                "type":"Polygon",
                "coordinates":[
                    [
                        [
                            77.71718084343,
                            12.99262336072
                        ],
                        [
                            77.71719976671,
                            12.99261977069
                        ],
                        [
                            77.71719810015,
                            12.99261144256
                        ],
                        [
                            77.71717950000,
                            12.99261410000
                        ],
                        [
                            77.71718084343,
                            12.99262336072
                        ]
                    ]
                ]
            }
        },
        {
            "type":"Feature",
            "properties":{
                "indoor":"room",
                "level":"1",
                "ref":"23"
            },
            "geometry":{
                "type":"Polygon",
                "coordinates":[
                    [
                        [
                            77.71722274687,
                            12.99263061184
                        ],
                        [
                            77.71721489885,
                            12.99263185192
                        ],
                        [
                            77.71721120485,
                            12.99263243561
                        ],
                        [
                            77.71719512415,
                            12.99263459251
                        ],
                        [
                            77.71718271427,
                            12.99263625705
                        ],
                        [
                            77.71717950000,
                            12.99261410000
                        ],
                        [
                            77.71721681867,
                            12.99260882061
                        ],
                        [
                            77.71721941944,
                            12.99262524188
                        ],
                        [
                            77.71722149909,
                            12.99262493791
                        ],
                        [
                            77.71722274687,
                            12.99263061184
                        ]
                    ]
                ]
            }
        },
        {
            "type":"Feature",
            "properties":{
                "indoor":"room",
                "level":"1",
                "ref":"25"
            },
            "geometry":{
                "type":"Polygon",
                "coordinates":[
                    [
                        [
                            77.71718601365,
                            12.99265900075
                        ],
                        [
                            77.71721492744,
                            12.99265508694
                        ],
                        [
                            77.71721189697,
                            12.99263659531
                        ],
                        [
                            77.71719623142,
                            12.99263912273
                        ],
                        [
                            77.71719512415,
                            12.99263459251
                        ],
                        [
                            77.71718271427,
                            12.99263625705
                        ],
                        [
                            77.71718601365,
                            12.99265900075
                        ]
                    ]
                ]
            }
        },
        {
            "type":"Feature",
            "properties":{
                "door":"yes",
                "level":"1",
                "ref":"31"
            },
            "geometry":{
                "type":"Point",
                "coordinates":[
                    77.71722680218,
                    12.99262716696
                ]
            }
        },
        {
            "type":"Feature",
            "properties":{
                "ref":"18",
                "indoor":"room",
                "level":"1"
            },
            "geometry":{
                "type":"Polygon",
                "coordinates":[
                    [
                        [
                            77.71724175747,
                            12.99265145520
                        ],
                        [
                            77.71723820226,
                            12.99262850500
                        ],
                        [
                            77.71723730438,
                            12.99262270887
                        ],
                        [
                            77.71725856783,
                            12.99261967654
                        ],
                        [
                            77.71726256616,
                            12.99264885028
                        ],
                        [
                            77.71724175747,
                            12.99265145520
                        ]
                    ]
                ]
            }
        },
        {
            "type":"Feature",
            "properties":{
                "door":"yes",
                "level":"1",
                "ref":"29"
            },
            "geometry":{
                "type":"Point",
                "coordinates":[
                    77.71723377452,
                    12.99265253578
                ]
            }
        },
        {
            "type":"Feature",
            "properties":{
                "door":"yes",
                "level":"1",
                "ref":"31"
            },
            "geometry":{
                "type":"Point",
                "coordinates":[
                    77.71724811853,
                    12.99262129039
                ]
            }
        },
        {
            "type":"Feature",
            "properties":{
                "door":"yes",
                "ref":"11",
                "level":"0"
            },
            "geometry":{
                "type":"Point",
                "coordinates":[
                    77.71719155211,
                    12.99262878818
                ]
            }
        },
        {
            "type":"Feature",
            "properties":{
                "ref":"24",
                "level":"1",
                "indoor":"room",
                "amenity":"toilets"
            },
            "geometry":{
                "type":"Polygon",
                "coordinates":[
                    [
                        [
                            77.71719623142,
                            12.99263912273
                        ],
                        [
                            77.71719512415,
                            12.99263459251
                        ],
                        [
                            77.71721120485,
                            12.99263243561
                        ],
                        [
                            77.71721189697,
                            12.99263659531
                        ],
                        [
                            77.71719623142,
                            12.99263912273
                        ]
                    ]
                ]
            }
        },
        {
            "type":"Feature",
            "properties":{
                "door":"yes",
                "level":"1",
                "ref":"34"
            },
            "geometry":{
                "type":"Point",
                "coordinates":[
                    77.71721151680,
                    12.99263425937
                ]
            }
        },
        {
            "type":"Feature",
            "properties":{
                "ref":"2",
                "level":"0",
                "amenity":"bicycle_parking",
                "indoor":"corridor",
                "entrance":"yes"
            },
            "geometry":{
                "type":"Polygon",
                "coordinates":[
                    [
                        [
                            77.71724709545,
                            12.99265055579
                        ],
                        [
                            77.71724316517,
                            12.99262183270
                        ],
                        [
                            77.71724091818,
                            12.99260541130
                        ],
                        [
                            77.71725600000,
                            12.99260350000
                        ],
                        [
                            77.71726350000,
                            12.99265530000
                        ],
                        [
                            77.71724075726,
                            12.99265842155
                        ],
                        [
                            77.71718700000,
                            12.99266580000
                        ],
                        [
                            77.71718601365,
                            12.99265900075
                        ],
                        [
                            77.71720702362,
                            12.99265609598
                        ],
                        [
                            77.71721677860,
                            12.99265474729
                        ],
                        [
                            77.71722426220,
                            12.99265371263
                        ],
                        [
                            77.71724709545,
                            12.99265055579
                        ]
                    ]
                ]
            }
        },
        {
            "type":"Feature",
            "properties":{
                "door":"yes",
                "ref":"8",
                "level":"0"
            },
            "geometry":{
                "type":"Point",
                "coordinates":[
                    77.71721677860,
                    12.99265474729
                ]
            }
        },
        {
            "type":"Feature",
            "properties":{
                "door":"yes",
                "level":"1",
                "ref":"32"
            },
            "geometry":{
                "type":"Point",
                "coordinates":[
                    77.71722201900,
                    12.99262747092
                ]
            }
        },
        {
            "type":"Feature",
            "properties":{
                "building":"paying guest",
                "max_level":"1",
                "min_level":"0",
                "ref":"1",
                "levels":"2"
            },
            "geometry":{
                "type":"Polygon",
                "coordinates":[
                    [
                        [
                            77.71718700000,
                            12.99266580000
                        ],
                        [
                            77.71722086514,
                            12.99266115184
                        ],
                        [
                            77.71724075726,
                            12.99265842155
                        ],
                        [
                            77.71726350000,
                            12.99265530000
                        ],
                        [
                            77.71726297923,
                            12.99265170319
                        ],
                        [
                            77.71726256616,
                            12.99264885028
                        ],
                        [
                            77.71725856783,
                            12.99261967654
                        ],
                        [
                            77.71725600000,
                            12.99260350000
                        ],
                        [
                            77.71724091818,
                            12.99260541130
                        ],
                        [
                            77.71723463187,
                            12.99260630061
                        ],
                        [
                            77.71722329523,
                            12.99260790438
                        ],
                        [
                            77.71721681867,
                            12.99260882061
                        ],
                        [
                            77.71719810015,
                            12.99261144256
                        ],
                        [
                            77.71717950000,
                            12.99261410000
                        ],
                        [
                            77.71718084343,
                            12.99262336072
                        ],
                        [
                            77.71718190135,
                            12.99263065328
                        ],
                        [
                            77.71718271427,
                            12.99263625705
                        ],
                        [
                            77.71718601365,
                            12.99265900075
                        ],
                        [
                            77.71718700000,
                            12.99266580000
                        ]
                    ]
                ]
            }
        },
        {
            "type":"Feature",
            "properties":{
                "indoor":"room",
                "level":"0",
                "ref":"7"
            },
            "geometry":{
                "type":"Polygon",
                "coordinates":[
                    [
                        [
                            77.71720702362,
                            12.99265609598
                        ],
                        [
                            77.71720143042,
                            12.99262726838
                        ],
                        [
                            77.71721952332,
                            12.99262483670
                        ],
                        [
                            77.71722426220,
                            12.99265371263
                        ],
                        [
                            77.71721677860,
                            12.99265474729
                        ],
                        [
                            77.71720702362,
                            12.99265609598
                        ]
                    ]
                ]
            }
        },
        {
            "type":"Feature",
            "properties":{
                "level":"1",
                "indoor":"room",
                "ref":"19",
                "amenity":"toilets"
            },
            "geometry":{
                "type":"Polygon",
                "coordinates":[
                    [
                        [
                            77.71723730438,
                            12.99262270887
                        ],
                        [
                            77.71723463187,
                            12.99260630061
                        ],
                        [
                            77.71725600000,
                            12.99260350000
                        ],
                        [
                            77.71725856783,
                            12.99261967654
                        ],
                        [
                            77.71723730438,
                            12.99262270887
                        ]
                    ]
                ]
            }
        },
        {
            "type":"Feature",
            "properties":{
                "level":"0",
                "ref":"9"
            },
            "geometry":{
                "type":"Polygon",
                "coordinates":[
                    [
                        [
                            77.71720143042,
                            12.99262726838
                        ],
                        [
                            77.71718190135,
                            12.99263065328
                        ],
                        [
                            77.71718601365,
                            12.99265900075
                        ],
                        [
                            77.71720702362,
                            12.99265609598
                        ],
                        [
                            77.71720143042,
                            12.99262726838
                        ]
                    ]
                ]
            }
        },
        {
            "type":"Feature",
            "properties":{
                "level":"1",
                "indoor":"corridor",
                "ref":"16"
            },
            "geometry":{
                "type":"Polygon",
                "coordinates":[
                    [
                        [
                            77.71718601365,
                            12.99265900075
                        ],
                        [
                            77.71718700000,
                            12.99266580000
                        ],
                        [
                            77.71726350000,
                            12.99265530000
                        ],
                        [
                            77.71726297923,
                            12.99265170319
                        ],
                        [
                            77.71726256616,
                            12.99264885028
                        ],
                        [
                            77.71724175747,
                            12.99265145520
                        ],
                        [
                            77.71723377452,
                            12.99265253578
                        ],
                        [
                            77.71721492744,
                            12.99265508694
                        ],
                        [
                            77.71718601365,
                            12.99265900075
                        ]
                    ]
                ]
            }
        },
        {
            "type":"Feature",
            "properties":{
                "stairs":"1",
                "ref":"26",
                "level":"0-1",
                "indoor":"room"
            },
            "geometry":{
                "type":"Point",
                "coordinates":[
                    77.71726297923,
                    12.99265170319
                ]
            }
        },
        {
            "type":"Feature",
            "properties":{
                "ref":"10",
                "indoor":"room",
                "level":"0",
                "amenity":"toilets"
            },
            "geometry":{
                "type":"Polygon",
                "coordinates":[
                    [
                        [
                            77.71718084343,
                            12.99262336072
                        ],
                        [
                            77.71719976671,
                            12.99261977069
                        ],
                        [
                            77.71720143042,
                            12.99262726838
                        ],
                        [
                            77.71718190135,
                            12.99263065328
                        ],
                        [
                            77.71718084343,
                            12.99262336072
                        ]
                    ]
                ]
            }
        },
        {
            "type":"Feature",
            "properties":{
                "level":"1",
                "indoor":"room",
                "ref":"21"
            },
            "geometry":{
                "type":"Polygon",
                "coordinates":[
                    [
                        [
                            77.71722628227,
                            12.99262422867
                        ],
                        [
                            77.71722329523,
                            12.99260790438
                        ],
                        [
                            77.71723463187,
                            12.99260630061
                        ],
                        [
                            77.71723820226,
                            12.99262850500
                        ],
                        [
                            77.71722721811,
                            12.99263020656
                        ],
                        [
                            77.71722628227,
                            12.99262422867
                        ]
                    ]
                ]
            }
        },
        {
            "type":"Feature",
            "properties":{
                "amenity":"toilets",
                "indoor":"room",
                "level":"1",
                "ref":"22"
            },
            "geometry":{
                "type":"Polygon",
                "coordinates":[
                    [
                        [
                            77.71722149909,
                            12.99262493791
                        ],
                        [
                            77.71721941944,
                            12.99262524188
                        ],
                        [
                            77.71721681867,
                            12.99260882061
                        ],
                        [
                            77.71722329523,
                            12.99260790438
                        ],
                        [
                            77.71722628227,
                            12.99262422867
                        ],
                        [
                            77.71721941944,
                            12.99262524188
                        ],
                        [
                            77.71722149909,
                            12.99262493791
                        ]
                    ]
                ]
            }
        },
        {
            "type":"Feature",
            "properties":{
                "door":"yes",
                "ref":"15",
                "level":"0"
            },
            "geometry":{
                "type":"Point",
                "coordinates":[
                    77.71720205442,
                    12.99263061184
                ]
            }
        },
        {
            "type":"Feature",
            "properties":{
                "door":"yes",
                "level":"0",
                "ref":"5"
            },
            "geometry":{
                "type":"LineString",
                "coordinates":[
                    [
                        77.71724510294,
                        12.99263476607
                    ],
                    [
                        77.71724572684,
                        12.99264206112
                    ]
                ]
            }
        },
        {
            "type":"Feature",
            "properties":{
                "indoor":"corridor",
                "level":"0",
                "entrance":"yes",
                "amenity":"bicycle_parking",
                "ref":"2"
            },
            "geometry":{
                "type":"LineString",
                "coordinates":[
                ]
            }
        },
        {
            "type":"Feature",
            "properties":{
                "indoor":"corridor",
                "level":"0",
                "entrance":"yes",
                "amenity":"bicycle_parking",
                "ref":"2"
            },
            "geometry":{
                "type":"LineString",
                "coordinates":[
                ]
            }
        },
        {
            "type":"Feature",
            "properties":{
                "door":"yes",
                "level":"1",
                "ref":"33"
            },
            "geometry":{
                "type":"Point",
                "coordinates":[
                    77.71721858759,
                    12.99261926399
                ]
            }
        },
        {
            "type":"Feature",
            "properties":{
                "ref":"13",
                "indoor":"room",
                "level":"0"
            },
            "geometry":{
                "type":"Polygon",
                "coordinates":[
                    [
                        [
                            77.71720143042,
                            12.99262726838
                        ],
                        [
                            77.71721952332,
                            12.99262483670
                        ],
                        [
                            77.71721681867,
                            12.99260882061
                        ],
                        [
                            77.71719810015,
                            12.99261144256
                        ],
                        [
                            77.71720143042,
                            12.99262726838
                        ]
                    ]
                ]
            }
        },
        {
            "type":"Feature",
            "properties":{
                "door":"yes",
                "ref":"14",
                "level":"0"
            },
            "geometry":{
                "type":"Point",
                "coordinates":[
                    77.71720694158,
                    12.99262645772
                ]
            }
        }
    ]
}